column_name,description
PST045214,"Population, 2014 estimate" # population
PST040210,"Population, 2010 (April 1) estimates base"
PST120214,"Population, percent change - April 1, 2010 to July 1, 2014"
POP010210,"Population, 2010"
AGE135214,"Persons under 5 years, percent, 2014"
AGE295214,"Persons under 18 years, percent, 2014" # children
AGE775214,"Persons 65 years and over, percent, 2014" # senior
SEX255214,"Female persons, percent, 2014" # female
RHI125214,"White alone, percent, 2014"
RHI225214,"Black or African American alone, percent, 2014" # black
RHI325214,"American Indian and Alaska Native alone, percent, 2014"
RHI425214,"Asian alone, percent, 2014" # asian
RHI525214,"Native Hawaiian and Other Pacific Islander alone, percent, 2014"
RHI625214,"Two or More Races, percent, 2014"
RHI725214,"Hispanic or Latino, percent, 2014" # hispanic
RHI825214,"White alone, not Hispanic or Latino, percent, 2014" # white
POP715213,"Living in same house 1 year & over, percent, 2009-2013"
POP645213,"Foreign born persons, percent, 2009-2013" # foreign
POP815213,"Language other than English spoken at home, pct age 5+, 2009-2013"
EDU635213,"High school graduate or higher, percent of persons age 25+, 2009-2013"
EDU685213,"Bachelor's degree or higher, percent of persons age 25+, 2009-2013" # college
VET605213,"Veterans, 2009-2013" # vets
LFE305213,"Mean travel time to work (minutes), workers age 16+, 2009-2013"
HSG010214,"Housing units, 2014"
HSG445213,"Homeownership rate, 2009-2013"
HSG096213,"Housing units in multi-unit structures, percent, 2009-2013"
HSG495213,"Median value of owner-occupied housing units, 2009-2013"
HSD410213,"Households, 2009-2013"
HSD310213,"Persons per household, 2009-2013"
INC910213,"Per capita money income in past 12 months (2013 dollars), 2009-2013"
INC110213,"Median household income, 2009-2013" # income
PVY020213,"Persons below poverty level, percent, 2009-2013" # poverty
BZA010213,"Private nonfarm establishments, 2013"
BZA110213,"Private nonfarm employment,  2013"
BZA115213,"Private nonfarm employment, percent change, 2012-2013"
NES010213,"Nonemployer establishments, 2013"
SBO001207,"Total number of firms, 2007"
SBO315207,"Black-owned firms, percent, 2007"
SBO115207,"American Indian- and Alaska Native-owned firms, percent, 2007"
SBO215207,"Asian-owned firms, percent, 2007"
SBO515207,"Native Hawaiian- and Other Pacific Islander-owned firms, percent, 2007"
SBO415207,"Hispanic-owned firms, percent, 2007"
SBO015207,"Women-owned firms, percent, 2007"
MAN450207,"Manufacturers shipments, 2007 ($1,000)"
WTN220207,"Merchant wholesaler sales, 2007 ($1,000)"
RTN130207,"Retail sales, 2007 ($1,000)"
RTN131207,"Retail sales per capita, 2007"
AFN120207,"Accommodation and food services sales, 2007 ($1,000)"
BPS030214,"Building permits, 2014"
LND110210,"Land area in square miles, 2010"
POP060210,"Population per square mile, 2010" # density
